{
    "foreground_intensity_properties_per_channel": {
        "0": {
            "max": 663.0,
            "mean": 11.839742660522461,
            "median": 8.0,
            "min": -965.0,
            "percentile_00_5": -76.0,
            "percentile_99_5": 86.0,
            "std": 28.14556884765625
        }
    },
    "median_relative_size_after_cropping": 0.9844512939453125,
    "shapes_after_crop": [
        [
            50,
            473,
            473
        ],
        [
            50,
            512,
            512
        ],
        [
            50,
            484,
            484
        ],
        [
            50,
            512,
            512
        ],
        [
            50,
            512,
            512
        ],
        [
            50,
            502,
            502
        ],
        [
            50,
            510,
            510
        ],
        [
            50,
            490,
            490
        ],
        [
            50,
            512,
            512
        ],
        [
            50,
            512,
            512
        ],
        [
            50,
            488,
            488
        ],
        [
            50,
            473,
            473
        ],
        [
            50,
            506,
            506
        ],
        [
            50,
            512,
            512
        ],
        [
            50,
            512,
            512
        ],
        [
            47,
            484,
            484
        ],
        [
            50,
            512,
            512
        ],
        [
            50,
            467,
            467
        ],
        [
            50,
            512,
            512
        ],
        [
            50,
            432,
            432
        ]
    ],
    "spacings": [
        [
            3.0,
            0.4880000054836273,
            0.4880000054836273
        ],
        [
            3.0,
            0.4880000054836273,
            0.4880000054836273
        ],
        [
            3.0,
            0.4880000054836273,
            0.4880000054836273
        ],
        [
            3.0,
            0.4880000054836273,
            0.4880000054836273
        ],
        [
            3.0,
            0.4880000054836273,
            0.4880000054836273
        ],
        [
            3.0,
            0.4880000054836273,
            0.4880000054836273
        ],
        [
            3.0,
            0.4880000054836273,
            0.4880000054836273
        ],
        [
            3.0,
            0.4880000054836273,
            0.4880000054836273
        ],
        [
            3.0,
            0.4880000054836273,
            0.4880000054836273
        ],
        [
            3.0,
            0.4880000054836273,
            0.4880000054836273
        ],
        [
            3.0,
            0.4880000054836273,
            0.4880000054836273
        ],
        [
            3.0,
            0.4880000054836273,
            0.4880000054836273
        ],
        [
            3.0,
            0.4880000054836273,
            0.4880000054836273
        ],
        [
            3.0,
            0.4880000054836273,
            0.4880000054836273
        ],
        [
            3.0,
            0.4880000054836273,
            0.4880000054836273
        ],
        [
            3.0,
            0.4880000054836273,
            0.4880000054836273
        ],
        [
            3.0,
            0.4880000054836273,
            0.4880000054836273
        ],
        [
            3.0,
            0.4880000054836273,
            0.4880000054836273
        ],
        [
            3.0,
            0.4880000054836273,
            0.4880000054836273
        ],
        [
            3.0,
            0.4880000054836273,
            0.4880000054836273
        ]
    ]
}